{
  "artwork_id": "ILHANART_2025_012",
  "title": "Eser 012",
  "artist": "Ali Naki İlhan",
  "gallery": "İlhanArt Gallery",
  "collection": "İlhanArt Collection 2025",
  "date_authenticated": "2025-01-13",
  "location": "Ortaköy, İstanbul",
  "authentication": {
    "protocol": "PoArt v1.0 (Proof of Art)",
    "verify_url": "https://www.ilhanart.org/verify?id=ILHANART_2025_012",
    "verification_rule": "365-day continuous cold wallet storage",
    "philosophy": "Culture > Capital"
  },
  "hashes": {
    "original": {
      "sha512": "047b2b7dc6270cdb4d7705110349efcc60b9a0af071edb8c8c94252913815d4f36f77ad5087ca2dea6a0641455dad395bbbab82e39c2068b72072cf1050ea38d",
      "algorithm": "SHA-512",
      "file_size_bytes": 309758
    },
    "watermarked": {
      "sha512": "02eb4e7b1952e4da7f3e9724f145ee139f7f87914f61f8b13d98cbfc4e4add4d0dd459764576867741f9c47a0d7192297dc322c2dfb57b74dab27a182a52af9d",
      "algorithm": "SHA-512",
      "file_size_bytes": 3175996
    }
  },
  "files": {
    "original": "ILHANART_2025_012_original.png",
    "watermarked": "ILHANART_2025_012_watermarked.png"
  },
  "provenance": {
    "first_authentication": "2025-01-13",
    "authenticator": "PoArt System v1.0",
    "gallery": "İlhanArt Gallery",
    "artist_signature": "Ali Naki İlhan"
  }
}