{
  "artwork_id": "ILHANART_2025_028",
  "title": "Eser 028",
  "artist": "Ali Naki İlhan",
  "gallery": "İlhanArt Gallery",
  "collection": "İlhanArt Collection 2025",
  "date_authenticated": "2025-01-13",
  "location": "Ortaköy, İstanbul",
  "authentication": {
    "protocol": "PoArt v1.0 (Proof of Art)",
    "verify_url": "https://www.ilhanart.org/verify?id=ILHANART_2025_028",
    "verification_rule": "365-day continuous cold wallet storage",
    "philosophy": "Culture > Capital"
  },
  "hashes": {
    "original": {
      "sha512": "602ce68c41f149235c2e9bbf1e4d471f1d3201edd46f744a62fa409b35b7f00bce61eff036c8f94c7c4d6860a8647d6e0742c8d6661dd028656beda676cd2364",
      "algorithm": "SHA-512",
      "file_size_bytes": 298486
    },
    "watermarked": {
      "sha512": "1045a450b308520c9f5181a7862705caeb8be86f395cd30d3e862dd14bb1983d500109c692296b9b668b046d704501c075b6e5ee7b0f8160f93931a5d66934c3",
      "algorithm": "SHA-512",
      "file_size_bytes": 2504827
    }
  },
  "files": {
    "original": "ILHANART_2025_028_original.png",
    "watermarked": "ILHANART_2025_028_watermarked.png"
  },
  "provenance": {
    "first_authentication": "2025-01-13",
    "authenticator": "PoArt System v1.0",
    "gallery": "İlhanArt Gallery",
    "artist_signature": "Ali Naki İlhan"
  }
}