{
  "artwork_id": "ILHANART_2025_021",
  "title": "Eser 021",
  "artist": "Ali Naki İlhan",
  "gallery": "İlhanArt Gallery",
  "collection": "İlhanArt Collection 2025",
  "date_authenticated": "2025-01-13",
  "location": "Ortaköy, İstanbul",
  "authentication": {
    "protocol": "PoArt v1.0 (Proof of Art)",
    "verify_url": "https://www.ilhanart.org/verify?id=ILHANART_2025_021",
    "verification_rule": "365-day continuous cold wallet storage",
    "philosophy": "Culture > Capital"
  },
  "hashes": {
    "original": {
      "sha512": "21fee0b8b49d4ef689fb63676c353994d2eb66c7e85ac642c7d9917141075882dc2decbf6a0468a3f03ad42b0871e0f4521ccb39b422c280c8492b8c7b18d9e8",
      "algorithm": "SHA-512",
      "file_size_bytes": 312898
    },
    "watermarked": {
      "sha512": "8eee6bcfb255bbfc7bffd400a01eb993bdef2b141e757d1402cbb219bfc67263305f0238598fab4fe12131a244dc8edb2a4087d6e784917997c50a776aa0a2f6",
      "algorithm": "SHA-512",
      "file_size_bytes": 2481817
    }
  },
  "files": {
    "original": "ILHANART_2025_021_original.png",
    "watermarked": "ILHANART_2025_021_watermarked.png"
  },
  "provenance": {
    "first_authentication": "2025-01-13",
    "authenticator": "PoArt System v1.0",
    "gallery": "İlhanArt Gallery",
    "artist_signature": "Ali Naki İlhan"
  }
}