{
  "artwork_id": "ILHANART_2025_010",
  "title": "Eser 010",
  "artist": "Ali Naki İlhan",
  "gallery": "İlhanArt Gallery",
  "collection": "İlhanArt Collection 2025",
  "date_authenticated": "2025-01-13",
  "location": "Ortaköy, İstanbul",
  "authentication": {
    "protocol": "PoArt v1.0 (Proof of Art)",
    "verify_url": "https://www.ilhanart.org/verify?id=ILHANART_2025_010",
    "verification_rule": "365-day continuous cold wallet storage",
    "philosophy": "Culture > Capital"
  },
  "hashes": {
    "original": {
      "sha512": "0a65409051b5eb53aef8cb5e9ecbfc329b0dde5e66672f0738ccba9f62541acb8aae402f53fdde1cdf926625e81b731d2fc1fbabd3981d7a9a6b522a8c7e8e84",
      "algorithm": "SHA-512",
      "file_size_bytes": 359942
    },
    "watermarked": {
      "sha512": "442f6f64a457a76dbe19e959c1ac6c6910f72be96793dfee2109e4ba03491323a169bb63b6747695d241e5a35301f5e62999955fd61b2591794a415e6b10ca74",
      "algorithm": "SHA-512",
      "file_size_bytes": 3583805
    }
  },
  "files": {
    "original": "ILHANART_2025_010_original.png",
    "watermarked": "ILHANART_2025_010_watermarked.png"
  },
  "provenance": {
    "first_authentication": "2025-01-13",
    "authenticator": "PoArt System v1.0",
    "gallery": "İlhanArt Gallery",
    "artist_signature": "Ali Naki İlhan"
  }
}