{
  "artwork_id": "ILHANART_2025_011",
  "title": "Eser 011",
  "artist": "Ali Naki İlhan",
  "gallery": "İlhanArt Gallery",
  "collection": "İlhanArt Collection 2025",
  "date_authenticated": "2025-01-13",
  "location": "Ortaköy, İstanbul",
  "authentication": {
    "protocol": "PoArt v1.0 (Proof of Art)",
    "verify_url": "https://www.ilhanart.org/verify?id=ILHANART_2025_011",
    "verification_rule": "365-day continuous cold wallet storage",
    "philosophy": "Culture > Capital"
  },
  "hashes": {
    "original": {
      "sha512": "c9c17c8dae4eb44aa5154d55a69c1267128415ea3e8e395a448d860d25ee323a9043208788cc79c2ab8c463df7f4b022f6a5b512179677dc8542b13d43856541",
      "algorithm": "SHA-512",
      "file_size_bytes": 203122
    },
    "watermarked": {
      "sha512": "9949d0301db5b1f52969efd947d241137b79dd8613fc04e39a63426820c7ac494d69a5168d6080ccc4d53dd34a3c6651130389e2ae8822cfb6c516b602b4a37d",
      "algorithm": "SHA-512",
      "file_size_bytes": 1948688
    }
  },
  "files": {
    "original": "ILHANART_2025_011_original.png",
    "watermarked": "ILHANART_2025_011_watermarked.png"
  },
  "provenance": {
    "first_authentication": "2025-01-13",
    "authenticator": "PoArt System v1.0",
    "gallery": "İlhanArt Gallery",
    "artist_signature": "Ali Naki İlhan"
  }
}