{
  "artwork_id": "ILHANART_2025_029",
  "title": "Eser 029",
  "artist": "Ali Naki İlhan",
  "gallery": "İlhanArt Gallery",
  "collection": "İlhanArt Collection 2025",
  "date_authenticated": "2025-01-13",
  "location": "Ortaköy, İstanbul",
  "authentication": {
    "protocol": "PoArt v1.0 (Proof of Art)",
    "verify_url": "https://www.ilhanart.org/verify?id=ILHANART_2025_029",
    "verification_rule": "365-day continuous cold wallet storage",
    "philosophy": "Culture > Capital"
  },
  "hashes": {
    "original": {
      "sha512": "5afe6efa973bba3599caf6ede473821dfa3a9e1e07704a63674fb75ae2bbe9c217ba131ad52586278c9e10005a11635ea4b2e263cb3bb711a84296d323f2da27",
      "algorithm": "SHA-512",
      "file_size_bytes": 208588
    },
    "watermarked": {
      "sha512": "5cc47205564a75a55c1f029b8a7333ec6486f87e85f2cec288bbd873bf570791691a641ca738807c687e3d7f447e56a05c67a05b004ba9f56b594265067947f6",
      "algorithm": "SHA-512",
      "file_size_bytes": 2130633
    }
  },
  "files": {
    "original": "ILHANART_2025_029_original.png",
    "watermarked": "ILHANART_2025_029_watermarked.png"
  },
  "provenance": {
    "first_authentication": "2025-01-13",
    "authenticator": "PoArt System v1.0",
    "gallery": "İlhanArt Gallery",
    "artist_signature": "Ali Naki İlhan"
  }
}