{
  "artwork_id": "ILHANART_2025_027",
  "title": "Eser 027",
  "artist": "Ali Naki İlhan",
  "gallery": "İlhanArt Gallery",
  "collection": "İlhanArt Collection 2025",
  "date_authenticated": "2025-01-13",
  "location": "Ortaköy, İstanbul",
  "authentication": {
    "protocol": "PoArt v1.0 (Proof of Art)",
    "verify_url": "https://www.ilhanart.org/verify?id=ILHANART_2025_027",
    "verification_rule": "365-day continuous cold wallet storage",
    "philosophy": "Culture > Capital"
  },
  "hashes": {
    "original": {
      "sha512": "52962bea1eef2861368ed6fc1f1ea4aa0c8ac8f646a4271d17aa83cabfc86b1f7f97efd9412fa85a1386a47b7f116bcc05bc4a51c08aece1ea02cd0e89e406de",
      "algorithm": "SHA-512",
      "file_size_bytes": 210326
    },
    "watermarked": {
      "sha512": "bd7bd25685a8f54c0a72d4c92ef7448bca82674bd311aa2350b1cb085182c38d467164dea49c4ce8331059f89ab449a6bf327763ffec73e827b400d5195b4104",
      "algorithm": "SHA-512",
      "file_size_bytes": 1725276
    }
  },
  "files": {
    "original": "ILHANART_2025_027_original.png",
    "watermarked": "ILHANART_2025_027_watermarked.png"
  },
  "provenance": {
    "first_authentication": "2025-01-13",
    "authenticator": "PoArt System v1.0",
    "gallery": "İlhanArt Gallery",
    "artist_signature": "Ali Naki İlhan"
  }
}