{
  "artwork_id": "ILHANART_2025_009",
  "title": "Eser 009",
  "artist": "Ali Naki İlhan",
  "gallery": "İlhanArt Gallery",
  "collection": "İlhanArt Collection 2025",
  "date_authenticated": "2025-01-13",
  "location": "Ortaköy, İstanbul",
  "authentication": {
    "protocol": "PoArt v1.0 (Proof of Art)",
    "verify_url": "https://www.ilhanart.org/verify?id=ILHANART_2025_009",
    "verification_rule": "365-day continuous cold wallet storage",
    "philosophy": "Culture > Capital"
  },
  "hashes": {
    "original": {
      "sha512": "2beb4eb1a58fe89616fa32eed0477b272fa678697469f357d781a035a5227b0abd4edfdc249bffa8380c4c730cbb1316ca30445491ac61e65fddbbdedd134339",
      "algorithm": "SHA-512",
      "file_size_bytes": 401486
    },
    "watermarked": {
      "sha512": "b8a11c17724bd50aec7492a63a3cf5baf8b77cb3dd9a1130538f01a1ce73efb83425ff32ac9fcec51ec6ff1f7f741957e2bd49219202855c00e4be793a28a28c",
      "algorithm": "SHA-512",
      "file_size_bytes": 3683064
    }
  },
  "files": {
    "original": "ILHANART_2025_009_original.png",
    "watermarked": "ILHANART_2025_009_watermarked.png"
  },
  "provenance": {
    "first_authentication": "2025-01-13",
    "authenticator": "PoArt System v1.0",
    "gallery": "İlhanArt Gallery",
    "artist_signature": "Ali Naki İlhan"
  }
}