{
  "artwork_id": "ILHANART_2025_024",
  "title": "Eser 024",
  "artist": "Ali Naki İlhan",
  "gallery": "İlhanArt Gallery",
  "collection": "İlhanArt Collection 2025",
  "date_authenticated": "2025-01-13",
  "location": "Ortaköy, İstanbul",
  "authentication": {
    "protocol": "PoArt v1.0 (Proof of Art)",
    "verify_url": "https://www.ilhanart.org/verify?id=ILHANART_2025_024",
    "verification_rule": "365-day continuous cold wallet storage",
    "philosophy": "Culture > Capital"
  },
  "hashes": {
    "original": {
      "sha512": "30ee6af0ee021e3cd258bd3a825a7437a980056c5dbffc6fc69f725b5c3ecc6ad9130838b1e3739c6cbdf123c156c7c1e570a9c4235d19f570ee48b8962ec77c",
      "algorithm": "SHA-512",
      "file_size_bytes": 703084
    },
    "watermarked": {
      "sha512": "32cf14861b20932340bf6eb094f24c45590685373c4a012212ca50842d3549f5fbb96e4b9213522b3c7fa69e42131d9bbef43b03dbbd982effb97154cec3e173",
      "algorithm": "SHA-512",
      "file_size_bytes": 4778005
    }
  },
  "files": {
    "original": "ILHANART_2025_024_original.png",
    "watermarked": "ILHANART_2025_024_watermarked.png"
  },
  "provenance": {
    "first_authentication": "2025-01-13",
    "authenticator": "PoArt System v1.0",
    "gallery": "İlhanArt Gallery",
    "artist_signature": "Ali Naki İlhan"
  }
}