{
  "artwork_id": "ILHANART_2025_018",
  "title": "Eser 018",
  "artist": "Ali Naki İlhan",
  "gallery": "İlhanArt Gallery",
  "collection": "İlhanArt Collection 2025",
  "date_authenticated": "2025-01-13",
  "location": "Ortaköy, İstanbul",
  "authentication": {
    "protocol": "PoArt v1.0 (Proof of Art)",
    "verify_url": "https://www.ilhanart.org/verify?id=ILHANART_2025_018",
    "verification_rule": "365-day continuous cold wallet storage",
    "philosophy": "Culture > Capital"
  },
  "hashes": {
    "original": {
      "sha512": "2defc428f3a95e39e90761c2ce3b7e41fd3e0465e8252a1da5e67e626d44ff2e561d5b53a0e1e8e085b7b8f336438a42707db86fd79037e43fa91d8c1ec9e54e",
      "algorithm": "SHA-512",
      "file_size_bytes": 217472
    },
    "watermarked": {
      "sha512": "4aa1c4c986641c23bf49dec72346d5c2348bfd10ba9ab4107f661fe4b770df09c992c69c115c9f1b5610fb0b89bfd1611761871b53c37b0acfe6bfaaa1e38787",
      "algorithm": "SHA-512",
      "file_size_bytes": 2612467
    }
  },
  "files": {
    "original": "ILHANART_2025_018_original.png",
    "watermarked": "ILHANART_2025_018_watermarked.png"
  },
  "provenance": {
    "first_authentication": "2025-01-13",
    "authenticator": "PoArt System v1.0",
    "gallery": "İlhanArt Gallery",
    "artist_signature": "Ali Naki İlhan"
  }
}