{
  "artwork_id": "ILHANART_2025_031",
  "title": "Eser 031",
  "artist": "Ali Naki İlhan",
  "gallery": "İlhanArt Gallery",
  "collection": "İlhanArt Collection 2025",
  "date_authenticated": "2025-01-13",
  "location": "Ortaköy, İstanbul",
  "authentication": {
    "protocol": "PoArt v1.0 (Proof of Art)",
    "verify_url": "https://www.ilhanart.org/verify?id=ILHANART_2025_031",
    "verification_rule": "365-day continuous cold wallet storage",
    "philosophy": "Culture > Capital"
  },
  "hashes": {
    "original": {
      "sha512": "0b9225d1c5b4ebbc41c5015dc50d054626406e764d4af2a448b9f144ca81f0eeb74883618b49c0eb5cd6983099e59c5f707729b5b2e77460fa4688d25920a7cb",
      "algorithm": "SHA-512",
      "file_size_bytes": 373720
    },
    "watermarked": {
      "sha512": "9d878f579474a3ac3467d98fc0aef82705a0f8ffba0fa215095dd0d8c496b0fabdc00d306a8dd7f65d15e1ccf3d1013743eee31347ac5a69775f5ce6ec64afac",
      "algorithm": "SHA-512",
      "file_size_bytes": 2877996
    }
  },
  "files": {
    "original": "ILHANART_2025_031_original.png",
    "watermarked": "ILHANART_2025_031_watermarked.png"
  },
  "provenance": {
    "first_authentication": "2025-01-13",
    "authenticator": "PoArt System v1.0",
    "gallery": "İlhanArt Gallery",
    "artist_signature": "Ali Naki İlhan"
  }
}