{
  "artwork_id": "ILHANART_2025_016",
  "title": "Eser 016",
  "artist": "Ali Naki İlhan",
  "gallery": "İlhanArt Gallery",
  "collection": "İlhanArt Collection 2025",
  "date_authenticated": "2025-01-13",
  "location": "Ortaköy, İstanbul",
  "authentication": {
    "protocol": "PoArt v1.0 (Proof of Art)",
    "verify_url": "https://www.ilhanart.org/verify?id=ILHANART_2025_016",
    "verification_rule": "365-day continuous cold wallet storage",
    "philosophy": "Culture > Capital"
  },
  "hashes": {
    "original": {
      "sha512": "68b4eb8c9cdf89b0a51cf68cdc7945920a8d11ff3e887e5b683e082c28b2f4b7e8dfc8971497dc56a00c1429d893c07005507de431ad4646ef4d24f34072a227",
      "algorithm": "SHA-512",
      "file_size_bytes": 159070
    },
    "watermarked": {
      "sha512": "cc1bbaaf0e803b0d7c11e4527b89f7fedc2cb65974770941aa7eb37f9c9c44009e6349f2160a4d37c09f7f973e3df069b7a59ac6150a3422c67ae208c3e30a72",
      "algorithm": "SHA-512",
      "file_size_bytes": 1628903
    }
  },
  "files": {
    "original": "ILHANART_2025_016_original.png",
    "watermarked": "ILHANART_2025_016_watermarked.png"
  },
  "provenance": {
    "first_authentication": "2025-01-13",
    "authenticator": "PoArt System v1.0",
    "gallery": "İlhanArt Gallery",
    "artist_signature": "Ali Naki İlhan"
  }
}