{
  "artwork_id": "ILHANART_2025_032",
  "title": "Eser 032",
  "artist": "Ali Naki İlhan",
  "gallery": "İlhanArt Gallery",
  "collection": "İlhanArt Collection 2025",
  "date_authenticated": "2025-01-13",
  "location": "Ortaköy, İstanbul",
  "authentication": {
    "protocol": "PoArt v1.0 (Proof of Art)",
    "verify_url": "https://www.ilhanart.org/verify?id=ILHANART_2025_032",
    "verification_rule": "365-day continuous cold wallet storage",
    "philosophy": "Culture > Capital"
  },
  "hashes": {
    "original": {
      "sha512": "e9e5d451ece8abd2a5fa249ecf8ab81cda1e6a4eaf4a61bd38b6c165c93d9766ce3a44b71cabf21f0eef6e3f325e67bb7b9633e8ce7aa358c841eb5cdc53bb73",
      "algorithm": "SHA-512",
      "file_size_bytes": 310760
    },
    "watermarked": {
      "sha512": "582e365835453448eca6e02d3e9777967193ada6944e69eda5527a4befd59713b9276b55ef2ed49a1a3efe2c6ef86ba5e9d52d4cb4d85c74fa33f51275dd02ef",
      "algorithm": "SHA-512",
      "file_size_bytes": 3300785
    }
  },
  "files": {
    "original": "ILHANART_2025_032_original.png",
    "watermarked": "ILHANART_2025_032_watermarked.png"
  },
  "provenance": {
    "first_authentication": "2025-01-13",
    "authenticator": "PoArt System v1.0",
    "gallery": "İlhanArt Gallery",
    "artist_signature": "Ali Naki İlhan"
  }
}