{
  "artwork_id": "ILHANART_2025_023",
  "title": "Eser 023",
  "artist": "Ali Naki İlhan",
  "gallery": "İlhanArt Gallery",
  "collection": "İlhanArt Collection 2025",
  "date_authenticated": "2025-01-13",
  "location": "Ortaköy, İstanbul",
  "authentication": {
    "protocol": "PoArt v1.0 (Proof of Art)",
    "verify_url": "https://www.ilhanart.org/verify?id=ILHANART_2025_023",
    "verification_rule": "365-day continuous cold wallet storage",
    "philosophy": "Culture > Capital"
  },
  "hashes": {
    "original": {
      "sha512": "e27b720578fc484fb18ca7202f65ec60356e023216fdd37983141e733c51604cedffc7425cf6b546997e735df749f0a9beadc4d3d6160a8f22406b79315329b3",
      "algorithm": "SHA-512",
      "file_size_bytes": 312546
    },
    "watermarked": {
      "sha512": "3163a5b3d67625d3d998a57262ab086ac59ed161c3fa609b7e9c406d1577c7839ec5813dfac5a89bd7c0c614eb789e3b282d188ecf7179bedffa59a3dc5176b5",
      "algorithm": "SHA-512",
      "file_size_bytes": 2913765
    }
  },
  "files": {
    "original": "ILHANART_2025_023_original.png",
    "watermarked": "ILHANART_2025_023_watermarked.png"
  },
  "provenance": {
    "first_authentication": "2025-01-13",
    "authenticator": "PoArt System v1.0",
    "gallery": "İlhanArt Gallery",
    "artist_signature": "Ali Naki İlhan"
  }
}