{
  "artwork_id": "ILHANART_2025_014",
  "title": "Eser 014",
  "artist": "Ali Naki İlhan",
  "gallery": "İlhanArt Gallery",
  "collection": "İlhanArt Collection 2025",
  "date_authenticated": "2025-01-13",
  "location": "Ortaköy, İstanbul",
  "authentication": {
    "protocol": "PoArt v1.0 (Proof of Art)",
    "verify_url": "https://www.ilhanart.org/verify?id=ILHANART_2025_014",
    "verification_rule": "365-day continuous cold wallet storage",
    "philosophy": "Culture > Capital"
  },
  "hashes": {
    "original": {
      "sha512": "9846624345dc773d38fd3b8f312c9e28f1e72d5eb5f51b8f52040380a507f38b6bc09f1de49f31edfcea9634a7c52cfca344d50462e5976ae0999068bf55535b",
      "algorithm": "SHA-512",
      "file_size_bytes": 494120
    },
    "watermarked": {
      "sha512": "5a9da48aff1b1fb97caf4e6a22f0fd29ff2078435d7b034f51e804143b510e53e2a6647522cc56704f886719f662e4eccf64ad8e14dbf2be4611eb6ad85f14b2",
      "algorithm": "SHA-512",
      "file_size_bytes": 4136041
    }
  },
  "files": {
    "original": "ILHANART_2025_014_original.png",
    "watermarked": "ILHANART_2025_014_watermarked.png"
  },
  "provenance": {
    "first_authentication": "2025-01-13",
    "authenticator": "PoArt System v1.0",
    "gallery": "İlhanArt Gallery",
    "artist_signature": "Ali Naki İlhan"
  }
}