{
  "artwork_id": "ILHANART_2025_008",
  "title": "Eser 008",
  "artist": "Ali Naki İlhan",
  "gallery": "İlhanArt Gallery",
  "collection": "İlhanArt Collection 2025",
  "date_authenticated": "2025-01-13",
  "location": "Ortaköy, İstanbul",
  "authentication": {
    "protocol": "PoArt v1.0 (Proof of Art)",
    "verify_url": "https://www.ilhanart.org/verify?id=ILHANART_2025_008",
    "verification_rule": "365-day continuous cold wallet storage",
    "philosophy": "Culture > Capital"
  },
  "hashes": {
    "original": {
      "sha512": "ee319b3ab12d3d8e12fab9e92c7fa6734e98885d6abea37d2e7fa3d8b2246e53c0155a65f5a0ff5af2d3946785e645bbf8c72cb55280400b3abd532867a74ed1",
      "algorithm": "SHA-512",
      "file_size_bytes": 153060
    },
    "watermarked": {
      "sha512": "f21e2d3bed2f3b6c44817368aba784ff91437dd5e9ad71ed45a6501ad65ed1e0a40c0b148c4f3c564a9e7679cb62bce8b184914b3cda58e095375770d39f6b6c",
      "algorithm": "SHA-512",
      "file_size_bytes": 1710696
    }
  },
  "files": {
    "original": "ILHANART_2025_008_original.png",
    "watermarked": "ILHANART_2025_008_watermarked.png"
  },
  "provenance": {
    "first_authentication": "2025-01-13",
    "authenticator": "PoArt System v1.0",
    "gallery": "İlhanArt Gallery",
    "artist_signature": "Ali Naki İlhan"
  }
}