{
  "artwork_id": "ILHANART_2025_013",
  "title": "Eser 013",
  "artist": "Ali Naki İlhan",
  "gallery": "İlhanArt Gallery",
  "collection": "İlhanArt Collection 2025",
  "date_authenticated": "2025-01-13",
  "location": "Ortaköy, İstanbul",
  "authentication": {
    "protocol": "PoArt v1.0 (Proof of Art)",
    "verify_url": "https://www.ilhanart.org/verify?id=ILHANART_2025_013",
    "verification_rule": "365-day continuous cold wallet storage",
    "philosophy": "Culture > Capital"
  },
  "hashes": {
    "original": {
      "sha512": "e03d90d4657f50dc4560b7d23a06dff728f1006b07b26a43ca550414d1c6a86a0eea86e9416619bef3e6b8740824f26df885091e3939f22466496fb7c22f62aa",
      "algorithm": "SHA-512",
      "file_size_bytes": 339680
    },
    "watermarked": {
      "sha512": "6243fad551359c58050fec7cc4442fcc18d5678363535c479c9187c4ca0c84f261e9e9e017a4c7e76e13be8706a8e5543ce74004593f6a1cbc1e56f7b816e85d",
      "algorithm": "SHA-512",
      "file_size_bytes": 3138071
    }
  },
  "files": {
    "original": "ILHANART_2025_013_original.png",
    "watermarked": "ILHANART_2025_013_watermarked.png"
  },
  "provenance": {
    "first_authentication": "2025-01-13",
    "authenticator": "PoArt System v1.0",
    "gallery": "İlhanArt Gallery",
    "artist_signature": "Ali Naki İlhan"
  }
}