{
  "artwork_id": "ILHANART_2025_022",
  "title": "Eser 022",
  "artist": "Ali Naki İlhan",
  "gallery": "İlhanArt Gallery",
  "collection": "İlhanArt Collection 2025",
  "date_authenticated": "2025-01-13",
  "location": "Ortaköy, İstanbul",
  "authentication": {
    "protocol": "PoArt v1.0 (Proof of Art)",
    "verify_url": "https://www.ilhanart.org/verify?id=ILHANART_2025_022",
    "verification_rule": "365-day continuous cold wallet storage",
    "philosophy": "Culture > Capital"
  },
  "hashes": {
    "original": {
      "sha512": "7b1e28470c5aef91feb854b2b8ff60159c0e7150e8bb8e94d166841f31921648c1ca986b167132df2cdd54fdf7d8c4bf29b0357888736a22b6190b797a7c8e46",
      "algorithm": "SHA-512",
      "file_size_bytes": 330956
    },
    "watermarked": {
      "sha512": "8c78f80d34712757bcb9a7d7918321bc342b94f08fa155eb649e788c972dbb4dcc8b9436868ffcb70d1bd8d6eac72414561ae9e4999717774b120150a1f7f1a5",
      "algorithm": "SHA-512",
      "file_size_bytes": 3176660
    }
  },
  "files": {
    "original": "ILHANART_2025_022_original.png",
    "watermarked": "ILHANART_2025_022_watermarked.png"
  },
  "provenance": {
    "first_authentication": "2025-01-13",
    "authenticator": "PoArt System v1.0",
    "gallery": "İlhanArt Gallery",
    "artist_signature": "Ali Naki İlhan"
  }
}