{
  "artwork_id": "ILHANART_2025_015",
  "title": "Eser 015",
  "artist": "Ali Naki İlhan",
  "gallery": "İlhanArt Gallery",
  "collection": "İlhanArt Collection 2025",
  "date_authenticated": "2025-01-13",
  "location": "Ortaköy, İstanbul",
  "authentication": {
    "protocol": "PoArt v1.0 (Proof of Art)",
    "verify_url": "https://www.ilhanart.org/verify?id=ILHANART_2025_015",
    "verification_rule": "365-day continuous cold wallet storage",
    "philosophy": "Culture > Capital"
  },
  "hashes": {
    "original": {
      "sha512": "07d19235587f7fba5a8954d689882483e5f4ea943b8b0fd7044657d2d90b0d96fa65b54f8b618aa669d38fd7d47e9aabdbe3e26ba9ec798b1dac685101fb044b",
      "algorithm": "SHA-512",
      "file_size_bytes": 560892
    },
    "watermarked": {
      "sha512": "76d3d6eae5c2b1d7683377c634bb41b53e64a058fe60e4ec64562942f632424936f2e0606b0e80b4320e9dd7c5652b855b3cc524082c1296a9d7a7e56eedfb69",
      "algorithm": "SHA-512",
      "file_size_bytes": 4760889
    }
  },
  "files": {
    "original": "ILHANART_2025_015_original.png",
    "watermarked": "ILHANART_2025_015_watermarked.png"
  },
  "provenance": {
    "first_authentication": "2025-01-13",
    "authenticator": "PoArt System v1.0",
    "gallery": "İlhanArt Gallery",
    "artist_signature": "Ali Naki İlhan"
  }
}