{
  "artwork_id": "ILHANART_2025_005",
  "title": "Eser 005",
  "artist": "Ali Naki İlhan",
  "gallery": "İlhanArt Gallery",
  "collection": "İlhanArt Collection 2025",
  "date_authenticated": "2025-01-13",
  "location": "Ortaköy, İstanbul",
  "authentication": {
    "protocol": "PoArt v1.0 (Proof of Art)",
    "verify_url": "https://www.ilhanart.org/verify?id=ILHANART_2025_005",
    "verification_rule": "365-day continuous cold wallet storage",
    "philosophy": "Culture > Capital"
  },
  "hashes": {
    "original": {
      "sha512": "1e355ef458afd9e8b4194aca025476668d2f6246d32b09a605a1206956a0d49c732f58a6442e5964fab2322213ec37ce36a927ac996aec5c1996e61dfda8fd32",
      "algorithm": "SHA-512",
      "file_size_bytes": 67924
    },
    "watermarked": {
      "sha512": "17f45a66439288ff3dd726ae857a1eabce86783b338b816402f90e29a6107f35ac8d726d204a9dab9b1c860f4b79a7383a09e9ec1608e9be6c1bd6937be98f73",
      "algorithm": "SHA-512",
      "file_size_bytes": 675152
    }
  },
  "files": {
    "original": "ILHANART_2025_005_original.png",
    "watermarked": "ILHANART_2025_005_watermarked.png"
  },
  "provenance": {
    "first_authentication": "2025-01-13",
    "authenticator": "PoArt System v1.0",
    "gallery": "İlhanArt Gallery",
    "artist_signature": "Ali Naki İlhan"
  }
}