{
  "artwork_id": "ILHANART_2025_004",
  "title": "Eser 004",
  "artist": "Ali Naki İlhan",
  "gallery": "İlhanArt Gallery",
  "collection": "İlhanArt Collection 2025",
  "date_authenticated": "2025-01-13",
  "location": "Ortaköy, İstanbul",
  "authentication": {
    "protocol": "PoArt v1.0 (Proof of Art)",
    "verify_url": "https://www.ilhanart.org/verify?id=ILHANART_2025_004",
    "verification_rule": "365-day continuous cold wallet storage",
    "philosophy": "Culture > Capital"
  },
  "hashes": {
    "original": {
      "sha512": "2eb9bf2277070a30428be732854946bd2db8ecec04706d203f08a6d0e546be75a77b5f289e04ecebf86cc53a214b06e8f754354ee3977027f335f64ee195c775",
      "algorithm": "SHA-512",
      "file_size_bytes": 147888
    },
    "watermarked": {
      "sha512": "5a759e6f90129e0faebae214776736e0f3e30162d8f15a8c10384c90dda3dac15709b582cac10892ba508efe25547d1efb471ec3b335818b819ab22e58b54774",
      "algorithm": "SHA-512",
      "file_size_bytes": 1163684
    }
  },
  "files": {
    "original": "ILHANART_2025_004_original.png",
    "watermarked": "ILHANART_2025_004_watermarked.png"
  },
  "provenance": {
    "first_authentication": "2025-01-13",
    "authenticator": "PoArt System v1.0",
    "gallery": "İlhanArt Gallery",
    "artist_signature": "Ali Naki İlhan"
  }
}