{
  "artwork_id": "ILHANART_2025_019",
  "title": "Eser 019",
  "artist": "Ali Naki İlhan",
  "gallery": "İlhanArt Gallery",
  "collection": "İlhanArt Collection 2025",
  "date_authenticated": "2025-01-13",
  "location": "Ortaköy, İstanbul",
  "authentication": {
    "protocol": "PoArt v1.0 (Proof of Art)",
    "verify_url": "https://www.ilhanart.org/verify?id=ILHANART_2025_019",
    "verification_rule": "365-day continuous cold wallet storage",
    "philosophy": "Culture > Capital"
  },
  "hashes": {
    "original": {
      "sha512": "94a4e365c264612cae45e0828c7a1a7a42474b49e3feb942c172a7e551cc9d8edcf4373e7b8811ff4c58696a41a2fd96153dd296b51525bba0c69de9d4a66fda",
      "algorithm": "SHA-512",
      "file_size_bytes": 228062
    },
    "watermarked": {
      "sha512": "5dde568e95b20333fd3945c73e5f2799ed3d401ba4c3299edcdafc389654119120da6694de94d6adda346519d7e294eceee15b73d21bca0b5f3e46147abaf4c9",
      "algorithm": "SHA-512",
      "file_size_bytes": 2175915
    }
  },
  "files": {
    "original": "ILHANART_2025_019_original.png",
    "watermarked": "ILHANART_2025_019_watermarked.png"
  },
  "provenance": {
    "first_authentication": "2025-01-13",
    "authenticator": "PoArt System v1.0",
    "gallery": "İlhanArt Gallery",
    "artist_signature": "Ali Naki İlhan"
  }
}